<?xml version="1.0" encoding="UTF-8"?><response><result type="convertcurrency" timestamp="1353023698"><list count="45" total="45"><conversion><from>USD</from><to>USD</to><amount>1</amount><convertedamount>1</convertedamount><link /></conversion><conversion><from>USD</from><to>AUD</to><amount>1</amount><convertedamount>0.967633</convertedamount><link>http://finance.yahoo.com/m3?a=1&amp;s=usd&amp;t=aud</link></conversion><conversion><from>USD</from><to>BRL</to><amount>1</amount><convertedamount>2.0672</convertedamount><link>http://finance.yahoo.com/m3?a=1&amp;s=usd&amp;t=brl</link></conversion><conversion><from>USD</from><to>GBP</to><amount>1</amount><convertedamount>0.630318</convertedamount><link>http://finance.yahoo.com/m3?a=1&amp;s=usd&amp;t=gbp</link></conversion><conversion><from>USD</from><to>CAD</to><amount>1</amount><convertedamount>1.00055</convertedamount><link>http://finance.yahoo.com/m3?a=1&amp;s=usd&amp;t=cad</link></conversion><conversion><from>USD</from><to>CNY</to><amount>1</amount><convertedamount>6.2378</convertedamount><link>http://finance.yahoo.com/m3?a=1&amp;s=usd&amp;t=cny</link></conversion><conversion><from>USD</from><to>DKK</to><amount>1</amount><convertedamount>5.836</convertedamount><link>http://finance.yahoo.com/m3?a=1&amp;s=usd&amp;t=dkk</link></conversion><conversion><from>USD</from><to>EUR</to><amount>1</amount><convertedamount>0.782381</convertedamount><link>http://finance.yahoo.com/m3?a=1&amp;s=usd&amp;t=eur</link></conversion><conversion><from>USD</from><to>HKD</to><amount>1</amount><convertedamount>7.75187</convertedamount><link>http://finance.yahoo.com/m3?a=1&amp;s=usd&amp;t=hkd</link></conversion><conversion><from>USD</from><to>INR</to><amount>1</amount><convertedamount>54.895</convertedamount><link>http://finance.yahoo.com/m3?a=1&amp;s=usd&amp;t=inr</link></conversion><conversion><from>USD</from><to>JPY</to><amount>1</amount><convertedamount>81.125</convertedamount><link>http://finance.yahoo.com/m3?a=1&amp;s=usd&amp;t=jpy</link></conversion><conversion><from>USD</from><to>MYR</to><amount>1</amount><convertedamount>3.0625</convertedamount><link>http://finance.yahoo.com/m3?a=1&amp;s=usd&amp;t=myr</link></conversion><conversion><from>USD</from><to>MXN</to><amount>1</amount><convertedamount>13.20405</convertedamount><link>http://finance.yahoo.com/m3?a=1&amp;s=usd&amp;t=mxn</link></conversion><conversion><from>USD</from><to>NZD</to><amount>1</amount><convertedamount>1.234835</convertedamount><link>http://finance.yahoo.com/m3?a=1&amp;s=usd&amp;t=nzd</link></conversion><conversion><from>USD</from><to>NOK</to><amount>1</amount><convertedamount>5.7576</convertedamount><link>http://finance.yahoo.com/m3?a=1&amp;s=usd&amp;t=nok</link></conversion><conversion><from>USD</from><to>RUB</to><amount>1</amount><convertedamount>31.68</convertedamount><link>http://finance.yahoo.com/m3?a=1&amp;s=usd&amp;t=rub</link></conversion><conversion><from>USD</from><to>SGD</to><amount>1</amount><convertedamount>1.2242</convertedamount><link>http://finance.yahoo.com/m3?a=1&amp;s=usd&amp;t=sgd</link></conversion><conversion><from>USD</from><to>ZAR</to><amount>1</amount><convertedamount>8.92605</convertedamount><link>http://finance.yahoo.com/m3?a=1&amp;s=usd&amp;t=zar</link></conversion><conversion><from>USD</from><to>KRW</to><amount>1</amount><convertedamount>1088.3</convertedamount><link>http://finance.yahoo.com/m3?a=1&amp;s=usd&amp;t=krw</link></conversion><conversion><from>USD</from><to>LKR</to><amount>1</amount><convertedamount>129.8</convertedamount><link>http://finance.yahoo.com/m3?a=1&amp;s=usd&amp;t=lkr</link></conversion><conversion><from>USD</from><to>SEK</to><amount>1</amount><convertedamount>6.7639</convertedamount><link>http://finance.yahoo.com/m3?a=1&amp;s=usd&amp;t=sek</link></conversion><conversion><from>USD</from><to>CHF</to><amount>1</amount><convertedamount>0.94205</convertedamount><link>http://finance.yahoo.com/m3?a=1&amp;s=usd&amp;t=chf</link></conversion><conversion><from>USD</from><to>TWD</to><amount>1</amount><convertedamount>29.115</convertedamount><link>http://finance.yahoo.com/m3?a=1&amp;s=usd&amp;t=twd</link></conversion><conversion><from>USD</from><to>THB</to><amount>1</amount><convertedamount>30.7</convertedamount><link>http://finance.yahoo.com/m3?a=1&amp;s=usd&amp;t=thb</link></conversion><conversion><from>USD</from><to>BHD</to><amount>1</amount><convertedamount>0.3769</convertedamount><link>http://finance.yahoo.com/m3?a=1&amp;s=usd&amp;t=bhd</link></conversion><conversion><from>USD</from><to>BND</to><amount>1</amount><convertedamount>1.2238</convertedamount><link>http://finance.yahoo.com/m3?a=1&amp;s=usd&amp;t=bnd</link></conversion><conversion><from>USD</from><to>CLP</to><amount>1</amount><convertedamount>483.75</convertedamount><link>http://finance.yahoo.com/m3?a=1&amp;s=usd&amp;t=clp</link></conversion><conversion><from>USD</from><to>CZK</to><amount>1</amount><convertedamount>19.987</convertedamount><link>http://finance.yahoo.com/m3?a=1&amp;s=usd&amp;t=czk</link></conversion><conversion><from>USD</from><to>HUF</to><amount>1</amount><convertedamount>222.62</convertedamount><link>http://finance.yahoo.com/m3?a=1&amp;s=usd&amp;t=huf</link></conversion><conversion><from>USD</from><to>ISK</to><amount>1</amount><convertedamount>128.45</convertedamount><link>http://finance.yahoo.com/m3?a=1&amp;s=usd&amp;t=isk</link></conversion><conversion><from>USD</from><to>IDR</to><amount>1</amount><convertedamount>9625.0</convertedamount><link>http://finance.yahoo.com/m3?a=1&amp;s=usd&amp;t=idr</link></conversion><conversion><from>USD</from><to>ILS</to><amount>1</amount><convertedamount>3.9762</convertedamount><link>http://finance.yahoo.com/m3?a=1&amp;s=usd&amp;t=ils</link></conversion><conversion><from>USD</from><to>KZT</to><amount>1</amount><convertedamount>150.38</convertedamount><link>http://finance.yahoo.com/m3?a=1&amp;s=usd&amp;t=kzt</link></conversion><conversion><from>USD</from><to>KWD</to><amount>1</amount><convertedamount>0.28225</convertedamount><link>http://finance.yahoo.com/m3?a=1&amp;s=usd&amp;t=kwd</link></conversion><conversion><from>USD</from><to>MUR</to><amount>1</amount><convertedamount>31.0</convertedamount><link>http://finance.yahoo.com/m3?a=1&amp;s=usd&amp;t=mur</link></conversion><conversion><from>USD</from><to>NPR</to><amount>1</amount><convertedamount>88.0</convertedamount><link>http://finance.yahoo.com/m3?a=1&amp;s=usd&amp;t=npr</link></conversion><conversion><from>USD</from><to>PKR</to><amount>1</amount><convertedamount>95.8</convertedamount><link>http://finance.yahoo.com/m3?a=1&amp;s=usd&amp;t=pkr</link></conversion><conversion><from>USD</from><to>QAR</to><amount>1</amount><convertedamount>3.6413</convertedamount><link>http://finance.yahoo.com/m3?a=1&amp;s=usd&amp;t=qar</link></conversion><conversion><from>USD</from><to>SAR</to><amount>1</amount><convertedamount>3.7506</convertedamount><link>http://finance.yahoo.com/m3?a=1&amp;s=usd&amp;t=sar</link></conversion><conversion><from>USD</from><to>AED</to><amount>1</amount><convertedamount>3.6731</convertedamount><link>http://finance.yahoo.com/m3?a=1&amp;s=usd&amp;t=aed</link></conversion></list></result></response>