<?xml version="1.0" encoding="UTF-8"?>
<!DOCTYPE plist PUBLIC "-//Apple//DTD PLIST 1.0//EN" "http://www.apple.com/DTDs/PropertyList-1.0.dtd">
<plist version="1.0">
<array>
	<dict>
		<key>name</key>
		<string>clear</string>
		<key>operator</key>
		<integer>4</integer>
		<key>speechName</key>
		<string>cancella</string>
	</dict>
	<dict>
		<key>name</key>
		<string>-</string>
		<key>operator</key>
		<integer>9</integer>
		<key>paramsRequired</key>
		<integer>2</integer>
		<key>precedence</key>
		<integer>3</integer>
		<key>selector</key>
		<string>minus:</string>
		<key>speechName</key>
		<string>[[emph -]] meno,</string>
	</dict>
	<dict>
		<key>name</key>
		<string>enter</string>
		<key>operator</key>
		<integer>6</integer>
		<key>speechName</key>
		<string>invio</string>
	</dict>
	<dict>
		<key>name</key>
		<string>=</string>
		<key>operator</key>
		<integer>7</integer>
		<key>speechName</key>
		<string>[[emph -]] uguale, </string>
	</dict>
	<dict>
		<key>name</key>
		<string>+</string>
		<key>operator</key>
		<integer>8</integer>
		<key>paramsRequired</key>
		<integer>2</integer>
		<key>precedence</key>
		<integer>3</integer>
		<key>selector</key>
		<string>plus:</string>
		<key>speechName</key>
		<string>[[emph -]] più,</string>
	</dict>
	<dict>
		<key>name</key>
		<string>*</string>
		<key>operator</key>
		<integer>10</integer>
		<key>paramsRequired</key>
		<integer>2</integer>
		<key>precedence</key>
		<integer>4</integer>
		<key>selector</key>
		<string>times:</string>
		<key>speechName</key>
		<string>[[emph -]] volte,</string>
	</dict>
	<dict>
		<key>name</key>
		<string>/</string>
		<key>operator</key>
		<integer>11</integer>
		<key>paramsRequired</key>
		<integer>2</integer>
		<key>precedence</key>
		<integer>4</integer>
		<key>selector</key>
		<string>divide:</string>
		<key>speechName</key>
		<string>[[xtnd mtlk tobi H* 0.0]] diviso [[emph -]] per,</string>
	</dict>
	<dict>
		<key>name</key>
		<string>±</string>
		<key>operator</key>
		<integer>16</integer>
		<key>paramsRequired</key>
		<integer>1</integer>
		<key>precedence</key>
		<integer>99</integer>
		<key>selector</key>
		<string>changeSign:</string>
		<key>speechName</key>
		<string>rifiuta</string>
	</dict>
	<dict>
		<key>name</key>
		<string>(</string>
		<key>operator</key>
		<integer>14</integer>
		<key>paramsRequired</key>
		<integer>0</integer>
		<key>precedence</key>
		<integer>0</integer>
		<key>speechName</key>
		<string>parentesi sinistra</string>
	</dict>
	<dict>
		<key>name</key>
		<string>)</string>
		<key>operator</key>
		<integer>15</integer>
		<key>paramsRequired</key>
		<integer>0</integer>
		<key>precedence</key>
		<integer>0</integer>
		<key>speechName</key>
		<string>parentesi destra</string>
	</dict>
	<dict>
		<key>name</key>
		<string>1/x</string>
		<key>operator</key>
		<integer>28</integer>
		<key>paramsRequired</key>
		<integer>1</integer>
		<key>precedence</key>
		<integer>99</integer>
		<key>selector</key>
		<string>oneOverX:</string>
		<key>speechName</key>
		<string>reciproco</string>
	</dict>
	<dict>
		<key>name</key>
		<string>x^2</string>
		<key>operator</key>
		<integer>18</integer>
		<key>paramsRequired</key>
		<integer>1</integer>
		<key>precedence</key>
		<integer>99</integer>
		<key>selector</key>
		<string>squared:</string>
		<key>speechName</key>
		<string>quadrato</string>
	</dict>
	<dict>
		<key>name</key>
		<string>x^3</string>
		<key>operator</key>
		<integer>19</integer>
		<key>paramsRequired</key>
		<integer>1</integer>
		<key>precedence</key>
		<integer>99</integer>
		<key>selector</key>
		<string>cubed:</string>
		<key>speechName</key>
		<string>cubico</string>
	</dict>
	<dict>
		<key>name</key>
		<string>x^y</string>
		<key>operator</key>
		<integer>12</integer>
		<key>paramsRequired</key>
		<integer>2</integer>
		<key>precedence</key>
		<integer>5</integer>
		<key>selector</key>
		<string>power:</string>
		<key>speechName</key>
		<string>alla potenza di</string>
	</dict>
	<dict>
		<key>name</key>
		<string>n!</string>
		<key>operator</key>
		<integer>31</integer>
		<key>paramsRequired</key>
		<integer>1</integer>
		<key>precedence</key>
		<integer>99</integer>
		<key>selector</key>
		<string>factorial:</string>
		<key>speechName</key>
		<string>fattoriale</string>
	</dict>
	<dict>
		<key>name</key>
		<string>sqrt</string>
		<key>operator</key>
		<integer>13</integer>
		<key>paramsRequired</key>
		<integer>1</integer>
		<key>precedence</key>
		<integer>99</integer>
		<key>selector</key>
		<string>sqrt:</string>
		<key>speechName</key>
		<string>radice quadrata</string>
	</dict>
	<dict>
		<key>name</key>
		<string>xrty</string>
		<key>operator</key>
		<integer>36</integer>
		<key>paramsRequired</key>
		<integer>2</integer>
		<key>precedence</key>
		<integer>5</integer>
		<key>selector</key>
		<string>xrooty:</string>
		<key>speechName</key>
		<string>x radice di y</string>
	</dict>
	<dict>
		<key>name</key>
		<string>%</string>
		<key>operator</key>
		<integer>17</integer>
        <key>peekParameters</key>
        <integer>1</integer>
		<key>paramsRequired</key>
		<integer>1</integer>
		<key>precedence</key>
		<integer>99</integer>
		<key>selector</key>
		<string>percent:</string>
		<key>speechName</key>
		<string>percento,</string>
	</dict>
	<dict>
		<key>name</key>
		<string>sin</string>
		<key>operator</key>
		<integer>20</integer>
		<key>paramsRequired</key>
		<integer>1</integer>
		<key>precedence</key>
		<integer>99</integer>
		<key>selector</key>
		<string>sin:</string>
		<key>speechName</key>
		<string>seno</string>
	</dict>
	<dict>
		<key>name</key>
		<string>asin</string>
		<key>operator</key>
		<integer>21</integer>
		<key>paramsRequired</key>
		<integer>1</integer>
		<key>precedence</key>
		<integer>99</integer>
		<key>selector</key>
		<string>asin:</string>
		<key>speechName</key>
		<string>seno inverso</string>
	</dict>
	<dict>
		<key>name</key>
		<string>cos</string>
		<key>operator</key>
		<integer>22</integer>
		<key>paramsRequired</key>
		<integer>1</integer>
		<key>precedence</key>
		<integer>99</integer>
		<key>selector</key>
		<string>cos:</string>
		<key>speechName</key>
		<string>coseno</string>
	</dict>
	<dict>
		<key>name</key>
		<string>acos</string>
		<key>operator</key>
		<integer>23</integer>
		<key>paramsRequired</key>
		<integer>1</integer>
		<key>precedence</key>
		<integer>99</integer>
		<key>selector</key>
		<string>acos:</string>
		<key>speechName</key>
		<string>coseno inverso</string>
	</dict>
	<dict>
		<key>name</key>
		<string>tan</string>
		<key>operator</key>
		<integer>24</integer>
		<key>paramsRequired</key>
		<integer>1</integer>
		<key>precedence</key>
		<integer>99</integer>
		<key>selector</key>
		<string>tan:</string>
		<key>speechName</key>
		<string>tangente</string>
	</dict>
	<dict>
		<key>name</key>
		<string>atan</string>
		<key>operator</key>
		<integer>25</integer>
		<key>paramsRequired</key>
		<integer>1</integer>
		<key>precedence</key>
		<integer>99</integer>
		<key>selector</key>
		<string>atan:</string>
		<key>speechName</key>
		<string>tangente inversa</string>
	</dict>
	<dict>
		<key>name</key>
		<string>log</string>
		<key>operator</key>
		<integer>26</integer>
		<key>paramsRequired</key>
		<integer>1</integer>
		<key>precedence</key>
		<integer>99</integer>
		<key>selector</key>
		<string>log:</string>
		<key>speechName</key>
		<string>logaritmo di base 10</string>
	</dict>
	<dict>
		<key>name</key>
		<string>tentox</string>
		<key>operator</key>
		<integer>27</integer>
		<key>paramsRequired</key>
		<integer>1</integer>
		<key>precedence</key>
		<integer>99</integer>
		<key>selector</key>
		<string>tentox:</string>
		<key>speechName</key>
		<string>10 su x</string>
	</dict>
	<dict>
		<key>name</key>
		<string>etox</string>
		<key>operator</key>
		<integer>29</integer>
		<key>paramsRequired</key>
		<integer>1</integer>
		<key>precedence</key>
		<integer>99</integer>
		<key>selector</key>
		<string>etox:</string>
		<key>speechName</key>
		<string>e su x</string>
	</dict>
	<dict>
		<key>name</key>
		<string>ln</string>
		<key>operator</key>
		<integer>30</integer>
		<key>paramsRequired</key>
		<integer>1</integer>
		<key>precedence</key>
		<integer>99</integer>
		<key>selector</key>
		<string>ln:</string>
		<key>speechName</key>
		<string>logaritmo naturale</string>
	</dict>
	<dict>
		<key>name</key>
		<string>sinh</string>
		<key>operator</key>
		<integer>32</integer>
		<key>paramsRequired</key>
		<integer>1</integer>
		<key>precedence</key>
		<integer>99</integer>
		<key>selector</key>
		<string>sinh:</string>
		<key>speechName</key>
		<string>seno iperbolico</string>
	</dict>
	<dict>
		<key>name</key>
		<string>asinh</string>
		<key>operator</key>
		<integer>33</integer>
		<key>paramsRequired</key>
		<integer>1</integer>
		<key>precedence</key>
		<integer>99</integer>
		<key>selector</key>
		<string>asinh:</string>
		<key>speechName</key>
		<string>seno iperbolico inverso</string>
	</dict>
	<dict>
		<key>name</key>
		<string>cosh</string>
		<key>operator</key>
		<integer>34</integer>
		<key>paramsRequired</key>
		<integer>1</integer>
		<key>precedence</key>
		<integer>99</integer>
		<key>selector</key>
		<string>cosh:</string>
		<key>speechName</key>
		<string>coseno iperbolico</string>
	</dict>
	<dict>
		<key>name</key>
		<string>acosh</string>
		<key>operator</key>
		<integer>35</integer>
		<key>paramsRequired</key>
		<integer>1</integer>
		<key>precedence</key>
		<integer>99</integer>
		<key>selector</key>
		<string>acosh:</string>
		<key>speechName</key>
		<string>coseno iperbolico inverso</string>
	</dict>
	<dict>
		<key>name</key>
		<string>tanh</string>
		<key>operator</key>
		<integer>37</integer>
		<key>paramsRequired</key>
		<integer>1</integer>
		<key>precedence</key>
		<integer>99</integer>
		<key>selector</key>
		<string>tanh:</string>
		<key>speechName</key>
		<string>tangente iperbolica</string>
	</dict>
	<dict>
		<key>name</key>
		<string>atanh</string>
		<key>operator</key>
		<integer>38</integer>
		<key>paramsRequired</key>
		<integer>1</integer>
		<key>precedence</key>
		<integer>99</integer>
		<key>selector</key>
		<string>atanh:</string>
		<key>speechName</key>
		<string>tangente iperbolica inversa</string>
	</dict>
	<dict>
		<key>name</key>
		<string>rand</string>
		<key>operator</key>
		<integer>39</integer>
		<key>paramsRequired</key>
		<integer>0</integer>
		<key>selector</key>
		<string>random</string>
		<key>speechName</key>
		<string>numero casuale</string>
	</dict>
	<dict>
		<key>name</key>
		<string>RPNDrop</string>
		<key>operator</key>
		<integer>42</integer>
		<key>speechName</key>
		<string>diminuisci</string>
	</dict>
	<dict>
		<key>name</key>
		<string>RPNRollUp</string>
		<key>operator</key>
		<integer>43</integer>
		<key>speechName</key>
		<string>[[emph -]] ruota verso l'alto </string>
	</dict>
	<dict>
		<key>name</key>
		<string>RPNRollDown</string>
		<key>operator</key>
		<integer>44</integer>
		<key>speechName</key>
		<string>[[emph -]] ruota verso il basso</string>
	</dict>
	<dict>
		<key>name</key>
		<string>RPNExchange</string>
		<key>operator</key>
		<integer>45</integer>
		<key>speechName</key>
		<string>cambio</string>
	</dict>
	<dict>
		<key>name</key>
		<string>M+</string>
		<key>operator</key>
		<integer>46</integer>
		<key>speechName</key>
		<string>memoria più</string>
	</dict>
	<dict>
		<key>name</key>
		<string>M-</string>
		<key>operator</key>
		<integer>47</integer>
		<key>speechName</key>
		<string>memoria meno</string>
	</dict>
	<dict>
		<key>name</key>
		<string>MC</string>
		<key>operator</key>
		<integer>48</integer>
		<key>speechName</key>
		<string>cancellazione memoria</string>
	</dict>
	<dict>
		<key>name</key>
		<string>MR</string>
		<key>operator</key>
		<integer>49</integer>
		<key>speechName</key>
		<string>[[emph -]] chiamata memoria</string>
	</dict>
	<dict>
		<key>name</key>
		<string>pi</string>
		<key>operator</key>
		<integer>50</integer>
		<key>paramsRequired</key>
		<integer>0</integer>
		<key>selector</key>
		<string>pi</string>
		<key>speechName</key>
		<string>pi greco</string>
	</dict>
	<dict>
		<key>name</key>
		<string>e</string>
		<key>operator</key>
		<integer>51</integer>
		<key>paramsRequired</key>
		<integer>0</integer>
		<key>selector</key>
		<string>e</string>
		<key>speechName</key>
		<string>e</string>
	</dict>
	<dict>
		<key>name</key>
		<string>cbrt</string>
		<key>operator</key>
		<integer>52</integer>
		<key>paramsRequired</key>
		<integer>1</integer>
		<key>precedence</key>
		<integer>99</integer>
		<key>selector</key>
		<string>cuberoot:</string>
		<key>speechName</key>
		<string>radice cubica</string>
	</dict>
	<dict>
		<key>name</key>
		<string>log2</string>
		<key>operator</key>
		<integer>53</integer>
		<key>paramsRequired</key>
		<integer>1</integer>
		<key>precedence</key>
		<integer>99</integer>
		<key>selector</key>
		<string>log2:</string>
		<key>speechName</key>
		<string>logaritmo di base 2</string>
	</dict>
	<dict>
		<key>name</key>
		<string>2pow</string>
		<key>operator</key>
		<integer>54</integer>
		<key>paramsRequired</key>
		<integer>1</integer>
		<key>precedence</key>
		<integer>99</integer>
		<key>selector</key>
		<string>twoToPow:</string>
		<key>speechName</key>
		<string>2 su x</string>
	</dict>
    <dict>
        <key>name</key>
        <string>y^x</string>
        <key>operator</key>
        <integer>55</integer>
        <key>paramsRequired</key>
        <integer>2</integer>
        <key>precedence</key>
        <integer>5</integer>
        <key>selector</key>
        <string>reversePower:</string>
        <key>speechName</key>
        <string>alla potenza di (parametri inversi)</string>
    </dict>
    <dict>
        <key>name</key>
        <string>logy</string>
        <key>operator</key>
        <integer>56</integer>
        <key>paramsRequired</key>
        <integer>2</integer>
        <key>precedence</key>
        <integer>5</integer>
        <key>selector</key>
        <string>logY:</string>
        <key>speechName</key>
        <string>logaritmo di base y</string>
    </dict>
    <dict>
        <key>name</key>
        <string>allclear</string>
        <key>operator</key>
        <integer>5</integer>
        <key>speechName</key>
        <string>cancella tutto</string>
    </dict>
</array>
</plist>
